{"cameraMode":{"drawMode":0,"name":"Shaded","section":"Shading Mode"},"sceneLighting":true,"audioPlay":false,"sceneViewState":{"showFog":true,"showMaterialUpdate":false,"showSkybox":true,"showFlares":true,"showImageEffects":true,"showParticleSystems":true},"in2DMode":false,"pivot":{"x":83.92129516601563,"y":56.43737030029297,"z":0.0},"rotation":{"x":0.1726406365633011,"y":-0.14714397490024568,"z":0.02609151415526867,"w":0.9735832810401917},"size":182.3501739501953,"orthographic":true}